url,label
https://username3586.invoice-ads-agency.com/,1
http://www.zoyue.com.cn/,1
https://www.roblox.com.ml/users/114667414927/profile,1
http://galabetgirisadresi.com/,1
https://www.confirm-address-check.vercel.app/,1
https://mhamedkbt.github.io/NetflixPrj/,1
https://newemessageimportantmain.wasmer.app/,1
https://antai-app.artipel.pt/ant/redirect,1
http://eu.jotform.com/app/253083739890367,1
https://supersafed.standard.us-east-1.oortstorages.com/fitsal.tt?eta=mirushub@880c55db9c16beb61cd53af22fc5c0a1c985.org,1
http://digitalskillshouse.github.io/hsbc/,1
http://vbmdmwww.sampleco.ccrs.biz/tmp/jsn_ext_uniform_free_j3.6_install/admin/assets/index.html,1
https://saqib216.github.io/netflix-clone/,1
https://googlemeeettinvitee.click/meet/567/Windows/microsoft-store.php,1
https://p215x.xyz/,1
https://raman-2r.github.io/Amazon-Clone-/,1
https://sohamghadai42.github.io/MOVIE-UI-CLONE/,1
https://kauongit.github.io/wannabe-E-commerce-assignment-1/,1
https://nikhila8606.github.io/Facebook-Login-Page/,1
https://us-support-ledgor-en.pages.dev/page1.html/page4.html/,1
https://us-support-ledgor-en.pages.dev/page1.html/page3.html/,1
https://us-support-ledgor-en.pages.dev/page1.html/page2.html/,1
https://us-support-ledgor-en.pages.dev/page1.html/page1.html/,1
http://did.li/kv6tashlumim,1
http://pfpchdfbngkdyvit6s2nqwqv556xvnlwvfflgktdudux4qmfhzpa.exnihilio.dnshome.de/eV4jjKFplDxVE_S02FoV7316tXapSrMqY6DpfkGFPl4,1
https://u0688998.plsk.regruhosting.ru/wp-content/themes/twentytwentyone/assets/.ss/SF-Express/e-invoice.php,1
http://www.m105i.xyz/,1
http://www.1qre64dqdpek06f6ih710vuh9p-4310f933-01ac-4df2-9220-3bfd7579a9c0.proof-proxy.ziflow.net/,1
https://se9tp8unlt.onrocket.site/njd7/yy7hhhb/index.php,1
https://spotify-login.vercel.app/,1
https://www.spotify-login.vercel.app/,1
https://username3756.invoice-ads-agency.com/,1
http://danaid1-info.duckdns.org/,1
http://www.danaid1-info.duckdns.org/,1
http://member28.agency-ad-dashboard.com/,1
https://twhsl-qkns-r1he.p-5jwrf2lw.workers.dev/l/Ihaletz@7e3a324505c5e36ed78660e15b034d0e653e.org,1
https://showaumentadoaqui.s3.us-east-005.backblazeb2.com/aumento.html,1
https://advise-trezoior-en.framer.media/,1
http://did.li/leumi-he,1
http://hbmeeng.com/,1
http://www.tr.jetbahisadresii.com/,1
http://accounts.bmwweb.systems/en/login,1
https://appstarted-trzo.framer.media/io-start,1
http://f-case-feedback-appeal.github.io/uji/,1
http://pub-ea66fe1b3c8e4757bafadfb9728b159c.r2.dev/index.html,1
http://pub-8ba6f3d0f12540a28a23829b162b6d0a.r2.dev/index.html,1
http://datcareefdiving.com/lsd/xinfini/index.html,1
http://www.roblox.com.ml/users/224545138523/profile/,1
http://bafkreib55xdtnfyqwxwgfmiyqllf5rxwtv3tz6daifdyocou6xqvmuuyia.ipfs.dweb.link/,1
http://www.dpdlocagt.top/com,1
http://72664.xyz/,1
https://m.galabett1075.com/tr/,1
http://m.galabett1075.com/,1
https://qdfbjiqih.top/rqkqjfyq/,1
https://www.robiox.com.py/games/7239319209/Ohio?privateServerLinkCode=309523125136518418445129374622,1
http://bahisguven.com/,1
http://zondarecoverydocument.com/,1
http://bahismerkez.com/,1
http://m.galabett1071.com/,1
https://maryamr25.github.io/fb-signup/,1
https://flyjj11.icu/rqkqjfyq/,1
https://flyjj10.icu/rqkqjfyq/,1
https://www.borderclick.com/BC/media/Borderclick/Files/xmlrobuxa2026.html,1
http://www.defisupportservices.ltd/,1
http://www.bofainfoudapte.oo.gd/,1
https://www.sprots8-milem6.com/,1
http://www.dpdlocafm.shop/com,1
https://www.dpdlocagr.top/com/,1
http://www.dpdlocagy.top/com,1
http://dpd.balveroni.cfd/com,1
https://dpd.rrantelio.cfd/com/,1
https://flyjj12.icu/rqkqjfyq/,1
http://memberremember11mch-c56a1.wasmer.app/elkhorn,1
https://banreservaseguridad.com/banreservas/,1
https://banreservaseguridad.com/,1
https://confirm-address-check.vercel.app/landing,1
http://confirm-address-check.vercel.app/,1
http://opensea-nfts-ivory.vercel.app/,1
http://bafkreihydvdhzs6gfta7ekculce3znjxsfk5qgsqip34s6lokwky4tkycm.ipfs.dweb.link/,1
http://bafkreihm53u6tkk632qp2ezo76er2iz5v6yeqgtaeuuoccn5rc2cyyfwqm.ipfs.dweb.link/,1
http://bafkreia2wkoizc7t42gtd3e76kklkp545ze6hr4gf6pji7fznqo3hibqqm.ipfs.dweb.link/,1
https://username8246.invoice-ads-agency.com/,1
https://username8958.invoice-ads-agency.com/,1
https://username4068.invoice-ads-agency.com/,1
https://account-signup.credit-agency-meta.com/,1
https://mail.danaid1-info.duckdns.org/,1
https://view-doc-g5mz.sandyroby1985.workers.dev/l/a5TTvIZ5sRApassword/,1
https://abhimanyu088.github.io/netflix-clone/,1
https://twhsl-qkns-r1he.p-5jwrf2lw.workers.dev/l/Ihalel9@314d5f9a8627cc6c778c26b154696d12076a.org,1
https://member21.agency-ad-dashboard.com/,1
http://explore4.wasmer.app/imfcreditunion,1
https://member23.agency-ad-dashboard.com/,1
https://www.ledgerwallet.cc/,1
http://www.onedrivesms.weebly.com/,1
https://miguel-dorante72.github.io/faccebok,1
http://tr.padisahbethizligiris.com/,1
http://advertising.invoice-partners-agency.com/,1
https://homepage-btimart-auth-ohm.webflow.io/,1
https://us-support-ledgor-en.pages.dev/page1.html/page2.html,1
https://us-support-ledgor-en.pages.dev/page1.html/page4.html,1
https://us-support-ledgor-en.pages.dev/page1.html/page3.html,1
https://us-support-ledgor-en.pages.dev/page1.html/page1.html,1
https://partner-registration.credit-agency-meta.com/,1
https://ipfs.io/ipfs/bafybeifdweytzrunf7wsb5mktck7npyz5h6fs7yxzplcotsxhwvrlcbnqu/,1
https://username4123.invoice-ads-agency.com/,1
https://sso-cad-netcoins-com-auth.webflow.io/,1
http://web2.pancake.run/add/0x65a4fb74ced27d141dc6a8fcdcb737d35e8f453e/0xabd45b738521bedc8624ea5b359845a667a7edef?chain=bsc&persistChain=1,1
http://web2.pancake.run/info/tokens/0xabd45b738521bedc8624ea5b359845a667a7edef,1
http://web2.pancake.run/info,1
https://www.bofainfoudapte.oo.gd/document_verify.html,1
http://bofainfoudapte.oo.gd/,1
https://facebook-signup-page-1zav.vercel.app/,1
https://www.robiox.com.py/games/3351674303/2X-CASH-Driving-Empire-Car-Racing?privateServerLinkCode=145641185526531734262205680726,1
http://username9765.invoice-ads-agency.com/,1
https://twhsl-qkns-r1he.p-5jwrf2lw.workers.dev/l/Ifalorlab@7b714a4ab398f017d451ee18b5f5b95a7bfc.org,1
https://twhsl-qkns-r1he.p-5jwrf2lw.workers.dev/l/Iserorsys@0b00a4ac474ae50de52161ba26a75ad5141d.com,1
https://twhsl-qkns-r1he.p-5jwrf2lw.workers.dev/l/Isaletlab@867085ec0cd16e38d194bf5ab7d06aba295f.com,1
https://dhl-app.skydropx.com/users/sign_in,1
https://dhl-app.skydropx.com/es-MX/users/sign_in,1
https://dhl-app.skydropx.com/,1
http://twhsl-qkns-r1he.p-5jwrf2lw.workers.dev/l/Inelix@91f62305c96580012ac4aed144079642231a.com,1
https://bafkreie343nh7hxfltqrl4gefghbmgbwtx3f6zxgxdivd4go2uoxebglxa.ipfs.dweb.link/,1
https://twhsl-qkns-r1he.p-5jwrf2lw.workers.dev/l/Isalos1@81b311b246fa94b991d6f561a8b995af3522.org,1
http://twhsl-qkns-r1he.p-5jwrf2lw.workers.dev/l/Inelor9@e69f7a73ee72a663b20d462788b4c4ff0ca3.org,1
https://twhsl-qkns-r1he.p-5jwrf2lw.workers.dev/l/Iravan@51ad31b8106d3e4beb1ee3267c7a6ad80c4a.com,1
https://twhsl-qkns-r1he.p-5jwrf2lw.workers.dev/l/Iseriklab@17f7c1701e9807e15715933004befe219721.org,1
https://username6532.invoice-ads-agency.com/,1
http://explore4.wasmer.app/financial-ombudsman,1
https://www.roblox.com.ml/users/267752283438/profile,1
https://s4w.in/roblox-com-pt-users-1251235112-profile,1
https://www.roblox.com.ml/users/227519237022/profile,1
http://trustcert.wasmer.app/dashbroad/,1
https://partner-access.credit-agency-meta.com/,1
https://www.opnsea0penseamint46.vercel.app/,1
http://jetbahisadresii.com/,1
https://iguifyj.b-cdn.net/all1.html?eta=arenlab@387a2dc632f81d3e31f04709e0047439afb4.org,1
http://twhsl-qkns-r1he.p-5jwrf2lw.workers.dev/l/Ikelar1@54cd4c8dd566ae25563f51bc8f04a40aa9f3.org,1
http://twhsl-qkns-r1he.p-5jwrf2lw.workers.dev/l/Irenishub@0aba9e71febe1319009c2683f0ee5c65cf59.com,1
https://www.robiox.com.py/users/378274270548/profile,1
https://www.robiox.com.py/games/5605041779/Vibe-Place-ORIGINAL?privateServerLinkCode=657526683957145096720202333557,1
https://myeetherwalet.firebaseapp.com/,1
https://www.robiox.com.py/users/407643183418/profile,1
https://twhsl-qkns-r1he.p-5jwrf2lw.workers.dev/l/Iserum@c86c67d2ffc0327bb226bdcfc5f75ae8b576.com,1
https://twhsl-qkns-r1he.p-5jwrf2lw.workers.dev/l/Isolus9@d5e6810ebbe9ffd6cf790bd9d52c0e758119.com,1
https://netcoins-logiii.webflow.io/,1
https://twhsl-qkns-r1he.p-5jwrf2lw.workers.dev/l/Igalal@c55b2cd04ee0378233022f1c0590175bea0c.com/,1
https://twhsl-qkns-r1he.p-5jwrf2lw.workers.dev/l/Icorio9@93064f6112ffc92fe8c2965f8f35aaa74a8d.com,1
https://twhsl-qkns-r1he.p-5jwrf2lw.workers.dev/l/Ijanor7@c35bd584934f2b1f1194eb24dcbb3f38f3c3.net,1
http://twhsl-qkns-r1he.p-5jwrf2lw.workers.dev/l/Iorex@9343da7060e8bc14b1ca26059035b854af98.com,1
https://tradhtrwaglet.webflow.io/,1
https://twhsl-qkns-r1he.p-5jwrf2lw.workers.dev/l/Iravor@01c74fb828b6450a2f6c2dae61bf2c001f97.org,1
https://twhsl-qkns-r1he.p-5jwrf2lw.workers.dev/l/Ialio1@cebfb3b748a05f5aae1d800bdadb9b04c8b6.net,1
http://kuucoianlogin.webflow.io/,1
https://twhsl-qkns-r1he.p-5jwrf2lw.workers.dev/l/Ikelan@726545254f4a4108173eb2d4c11734323dc5.net,1
https://twhsl-qkns-r1he.p-5jwrf2lw.workers.dev/l/Ilororpro@da17c30822f2a837b26248059beda394fdd2.net,1
https://easybank-landing-page-alpha-seven.vercel.app/,1
http://ipfs.io/ipfs/bafkreiglcas6juu7h3aqnkeexw47ramujsvoyukagzxbdqnch26nirscvy,1
http://nimishtiwari6555.github.io/Netflix_clone_project/,1
https://www.38apicenter.us/helppage,1
https://www.38apicenter.us/helppageProtect,1
https://ipfs.io/ipfs/bafkreidqi3tmjeakpbpyroz4mqyildgpnoj57eaful554p3onhpbvgeg3i,1
https://fnxx.info/t9597e15921b1c442cdb86b9a4enda28ceca.html,1
https://notifyhubss.net/zca84ba10rfb8241670aeda83d6sd8f9daad.html,1
https://notifyhubss.net/zff0d3b29r9288424809bf34e84s1c5a4fa2.html,1
https://www.38apicenter.us/manualreview,1
https://www.38apicenter.us/reviewteam,1
https://www.roblox.com.ml/games/14212442245/Combatants?privateServerLinkCode=131878892852742893675685809733,1
https://fnxx.info/382cc723336bea4dafia7cd19a9u4b59051a.html,1
https://fnxx.info/311ec6f3e3d0314fe7i84b31fe5u345727b9.html,1
https://www.38apicenter.us/review,1
https://ptshopee-777.blogspot.com/,1
https://www.ptshopee-777.blogspot.com/,1
https://kopinyakopikopi.run.place/mpps/3a222/websrc,1
http://www.robiox.com.py/users/238346652384/profile/,1
https://kopinyakopikopi.run.place/mpps/16ce9/websrc,1
https://faizancodex05461.github.io/SONAMSHARMA-HOT/,1
https://suryaprasanthfx-ctxr7fqp4s.edgeone.dev/,1
https://cn-hsbc.foryour.review/,1
https://www.roblox.et/communities/4333423243/Jinnqodd,1
https://www.robiox.com.py/users/352108969588/profile,1
https://pt-shopee0779.blogspot.com/,1
http://www.pt-shopee0779.blogspot.com/,1
https://shopee3899.blogspot.com/,1
https://7r40s.xyz/,1
http://am.fimbyn.shop/,1
http://www.shopee1579.blogspot.com/,1
http://www.kucoinrewards.blogspot.com/,1
http://www.surl.li/vduqba/,1
https://tr.jetbahisadresii.com/,1
https://i2mind.com/wordpress/wp-content/plugins/hello-dolly/bb/index.html,1
http://www.coinbase-referral-code.vercel.app/,1
https://www.robloxt.cv/users/192245539/profile,1
https://www.robloxt.cv/login?returlUrl=192245539,1
https://www.to.lk/PTAgDu,1
http://www.robloxt.cv/charts,1
https://shopee9699.blogspot.com/,1
https://shoopuaify.cyou/,1
https://www.roblox.et/users/5533436983/profile,1
http://bafkreie5mr4g54tg3nfkg6iig3zylmgxalvrpbom3cvjugcpr42dkgekeq.ipfs.dweb.link/,1
https://www.shopee1777.blogspot.com/,1
http://bafkreia6ul4rfamjtor2woq7uzvdn7bnvnkcbjwxujcgskep4aj43zjhcm.ipfs.dweb.link/,1
https://overview-trezor-bridge-hub.typedream.app/,1
https://aktivasi-danax-affiiance.hinr.my.id/,1
https://aktivasi-dana-affilance.hinr.my.id/,1
http://bafkreihvdpmbcsltl3izdi6jutl4ghvhpkczrkt6jx45i5yol465qw35py.ipfs.dweb.link/,1
https://member568.program-ads-agency.com/,1
https://seahorse-app-yud37.ondigitalocean.app/,1
http://crackaf-bubbles-frontend.vercel.app/,1
https://program-resmi029.blogspot.com/,1
https://www.program-resmi029.blogspot.com/,1
http://aktiffkan-paylaters.xwec.my.id/,1
https://shopee6799.blogspot.com/,1
https://shopee75789.blogspot.com/,1
https://shopee7547.blogspot.com/,1
http://www.shopee7547.blogspot.com/,1
https://f1nancier.com/?r=a9201a8e-71b7-44e4-abec-446c89db6bf7,1
http://bafkreibdsn5eio7dmf7ypbdblk6z4mtmmxl65fw64uubsj52t5alyrd34q.ipfs.dweb.link/,1
http://bafkreigaygohycgvmse72altlxwthxxnd7hjakkwi44rvsdhoeabsu33oe.ipfs.dweb.link/,1
https://bafkreidd3us27ur67oh55sl2mjcbsf56riyaackwwalbklx2dk6vmixa3u.ipfs.dweb.link/,1
http://bafkreigzga3sh3oxs5p3odn5rircowaawcrz3cpxzqx2g5o3rpxp7w4gfy.ipfs.dweb.link/,1
http://bafkreic454xszvksaxnbcrhwt7wxevdrosz57d5b5k34rmruz2cgcrnjqm.ipfs.dweb.link/,1
http://bafkreifr2oo5lbpi4qnv5crxxe75sdkgcuuljyd6hsiimo5twf67iglakm.ipfs.dweb.link/,1
http://bafkreidjo3pjfqei63cdnraoeltvorqxnhkvcjiuy4bfth43ghrove3rmq.ipfs.dweb.link/,1
http://bafkreihjgibvt6a3zqre6gfb3xobbikve46bjsa6iodnwiuxnknh2ixn3u.ipfs.dweb.link/,1
http://bafkreig65jtn2abwzvdtq5gttfrfx4v4kwj5xsyvcs2rjtk5z2nwlnjqcy.ipfs.dweb.link/,1
http://bafkreibykvtge3hvagyqciaxo2bskkcousa66fitg5edt7rzwq5fxpg6qa.ipfs.dweb.link/,1
http://bafkreibvd2mg5iqoassphybwnakzl6zo3urzwawiutcnjr4olitagk6z4m.ipfs.dweb.link/,1
http://bafkreiet3tiwgyyprzk75i6dijdwunp3wxoggjy5q273zrhzy56iuuizi4.ipfs.dweb.link/,1
http://bafkreihlel6wllbosgrymn5dx262iludlgdr6lce4wa4oyyjwts72uvz2q.ipfs.dweb.link/,1
http://bafkreiaiifyr4jetebbes6gloc2hbuwix3gf5zth6pri2sjupwmma7jrwm.ipfs.dweb.link/,1
http://bafkreibsx4s6rein3wpetcihri3yutrtjrh7uayjlsql7rzmyna2kutenm.ipfs.dweb.link/,1
http://bafkreib6hu7fozx65nn6kmx7mis2gfr7bdbjal2kf6y2kr3jl4fcedp74q.ipfs.dweb.link/,1
http://bafkreihgpasoksj3pytcqlfayeblznhlvtmqw3wsaij3twq2jxki3guzri.ipfs.dweb.link/,1
http://bafkreiaxu6knsne3mkj6vhehgfkvh5pmagct7caw5insbdaxnfrx7yykxm.ipfs.dweb.link/,1
http://bafkreicaxg2pudwrckstrnxfl3ujbbsy5atcvorh7tprrr26juygwb5fua.ipfs.dweb.link/,1
http://bafkreibprlijcctcltnnd4jvk6e3pxfxta5lg5xtpp3hjtr4bxzwfgjbta.ipfs.dweb.link/,1
http://bafkreidvs4p5yrtpw2ihawehlfpdmbcnfh2jyg55h3kz4qmnad6on657le.ipfs.dweb.link/,1
http://bafkreib3xkmypi5tfozsfczcf2hfeqwv7vh4hll24ry3ownei6loqaissa.ipfs.dweb.link/,1
http://bafkreiaekgbf7oreuzxvb6c5tcfyifu7zetigigzxm55bk6565kdumrxbe.ipfs.dweb.link/,1
http://www.shopee1929.blogspot.com/,1
http://markpaul1990usa-sketch.github.io/fdsgfghgdjhgjgvsfgsfd,1
http://markpaul1990usa-sketch.github.io/xgzsdfafdsaDsafdsacass,1
https://ledhgyta-zbxncg.pages.dev/index.htm,1
https://ledhgyg-djdjdhd.pages.dev/index.htm,1
https://ledhjbbncbsh-09fhjshhsb.pages.dev/,1
http://markpaul1990usa-sketch.github.io/qwetreyrrtgsefeadeqwreq11,1
https://kopinyakopikopi.run.place/mpps/37c12/websrc,1
https://kopinyakopikopi.run.place/mpps/de960/websrc,1
https://roblox.com.bn/games/74538164085210/sword-fighting-347226,1
http://bafkreia4gwi65juhfno264zzcmomalln4ipqo25lmipuyw5rz52xjfxa24.ipfs.dweb.link/,1
http://bafkreiezyyuwkx6lx4ibhwdclgzdmqqi4o6lbn3h7hjc2mh3o3ms2zxb4q.ipfs.dweb.link/,1
https://bafkreih3eptu6xwmgwzjfhzqnxnn6rwbry2bghrzycrf763i3zfuzf7zya.ipfs.dweb.link/,1
http://bafkreihm3z3w3fm5cbxyrsc577dgyqe24phaporrc4akv75j4rjwtdnuxq.ipfs.dweb.link/,1
http://bafkreia3uxiluctemta2uvlizr5aplsvkqtu3s44vztvd6rxkqbse3xs4q.ipfs.dweb.link/,1
https://bafkreigbsnpw6rhikom5o2sncytbr3tasoqvyj36t62zd7f2cut5aplkmi.ipfs.dweb.link/,1
https://bafkreih3wkaltmrq3b6pcvmzipkbuy4wenacqayqkpkh4iwaaknxhbfb24.ipfs.dweb.link/,1
https://bafkreihgpn6iqstuq5hfgqklmuurtzs4jkvziz2c3w3ozfozgrhohq24gi.ipfs.dweb.link/,1
https://bafkreih6pyu4m4rbzuwj6pqhuxd7rh4wrgpr5yrnwlraygd7d2a5lhrayy.ipfs.dweb.link/,1
https://bafkreiacyfcvz5vacz5fafiwqnsc23hv2gxnrexjlbfdmcofhmleq6mxjq.ipfs.dweb.link/,1
https://ku-coin-log-in-eng.typedream.app/,1
https://bafkreia73vsep2iclhrdtmhqmjga6jvuhaeeg7swqw2tl7koqnk54mqcai.ipfs.dweb.link/,1
https://bafkreie73naukae7z7dex2ermiyscnnfzmzp4afrtx2tv2kqzeitzvej7u.ipfs.dweb.link/,1
https://kucoilogin.webflow.io/,1
https://rbx4you1m.blogspot.com/,1
https://io-kucoin-login-com.typedream.app/,1
http://trezor-bridgeapp.typedream.app/,1
http://bafkreihtairx6c67agqd4wsfouhn3vubvn2kguxpradqednxg7zkh7jhia.ipfs.dweb.link/,1
https://gemini.mianmian.rest/,1
https://www.tkmasts.cc/h5/index.html,1
https://www.tkmasts.cc/,1
https://www.rbx4you1m.blogspot.com/,1
https://www.alertsmapwf.com/signin?session=39c90c87ab1df9cc23cb,1
https://www.alertsmapwf.com/,1
http://am.qsplag.shop/,1
https://pub-abdb764554b0439c836fb9286892e457.r2.dev/webmail0.2.html?eta=C3mail@a.b.c0/,1
https://b47483.com/,1
https://disponibilidadeativa.s3.us-east-005.backblazeb2.com/aumento.html,1
https://docu-share-direct-lnk-5378edjksjhdb.vercel.app/docu-share-download98yhjkfdyidy8idyi.html/?13Z44SQZC3Ej6rjmt28Mh3smjx5CXmxwd4fghhd13Z44SQZC3Ej6rjmt28Mh3smjx5CXmxwd4fghhd&&13Z44SQZC3Ej6rjmt28Mh3smjx5CXmxwd4fghhd13Z44SQZC3Ej6rjmt28Mh3smjx5CXmxwd4fghhd&&13Z44SQZC3Ej6rjmt28Mh3smjx5CXmxwd4fghhd13Z44SQZC3Ej6rjmt28Mh3smjx5CXmxwd4fghhd&&13Z44SQZC3Ej6rjmt28Mh3smjx5CXmxwd4fghhd13Z44SQZC3Ej6rjmt28Mh3smjx5CXmxwd4fghhd&&13Z44SQZC3Ej6rjmt28Mh3smjx5CXmxwd4fghhd13Z44SQZC3Ej6rjmt28Mh3smjx5CXmxwd4fghhd&&13Z44SQZC3Ej6rjmt28Mh3smjx5CXmxwd4fghhd13Z44SQZC3Ej6rjmt28Mh3smjx5CXmxwd4fghhd&&13Z44SQZC3Ej6rjmt28Mh3smjx5CXmxwd4fghhd13Z44SQZC3Ej6rjmt28Mh3smjx5CXmxwd4fghhd&&13Z44SQZC3Ej6rjmt28Mh3smjx5CXmxwd4fghhd13Z44SQZC3Ej6rjmt28Mh3smjx5CXmxwd4fghhd&&13Z44SQZC3Ej6rjmt28Mh3smjx5CXmxwd4fghhd13Z44SQZC3Ej6rjmt28Mh3smjx5CXmxwd4fghhd&&13Z44SQZC3Ej6rjmt28Mh3smjx5CXmxwd4fghhd13Z44SQZC3Ej6rjmt28Mh3smjx5CXmxwd4fghhd&,1
https://view-doc-g5mz.sandyroby1985.workers.dev/l/a5TTvIZ5sRApassword/automate,1
http://legumasesores.com/password/automate,1
https://ytshop.pages.dev/,1
https://partner-portal.credit-agency-meta.com/,1
https://onboarding.credit-agency-meta.com/,1
http://shukrohwillalwayscode.github.io/Meta-project,1
http://profile.agency-partner-master.com/,1
https://watrbx.wtf/games/?SortFilter=default,1
https://kopinyakopikopi.run.place/mpps/68f41/websrc,1
https://twhsl-qkns-r1he.p-5jwrf2lw.workers.dev/l/Iveret@b4fc3d011d26fde7e04c0489695b1ff0c84a.com,1
https://twhsl-qkns-r1he.p-5jwrf2lw.workers.dev/l/Ielen7@1d96aaf1bb6234f446bda852643a8c28ab3a.org,1
https://frontendmentor-easybank-chi.vercel.app/,1
https://ynabioueconus-meriescs-experinces-t.vercel.app/,1
https://urlz.li/a3a7b98d,1
https://karankumae.github.io/netflixclone/,1
https://kopinyakopikopi.run.place/mpps/f5c0e/websrc,1
https://markpaul1990usa-sketch.github.io/xvbkjyuguyaiuhsakjsssss/,1
https://kopinyakopikopi.run.place/mpps/4209b/websrc,1
https://twhsl-qkns-r1he.p-5jwrf2lw.workers.dev/l/Inorarsys@6761e31476b166e676d95674f2cbef066440.net,1
http://bafkreiczaurhlziqsooqzvnp2cdlqemoaav7gx2b2z6fydce2xwb5cdjfm.ipfs.dweb.link/,1
http://bafkreia4qwp5xr65z4oo6f7monkibwykjecdhncrtci47mp52rhzdbphlm.ipfs.dweb.link/,1
https://www.ago-whatsapp.com/,1
https://google.com,0
https://github.com,0
https://amazon.com,0
https://microsoft.com,0
https://openai.com,0
https://stackoverflow.com,0
https://linkedin.com,0
https://youtube.com,0
https://wikipedia.org,0
https://apple.com,0
https://google.com,0
https://github.com,0
https://amazon.com,0
https://microsoft.com,0
https://openai.com,0
https://stackoverflow.com,0
https://linkedin.com,0
https://youtube.com,0
https://wikipedia.org,0
https://apple.com,0
https://google.com,0
https://github.com,0
https://amazon.com,0
https://microsoft.com,0
https://openai.com,0
https://stackoverflow.com,0
https://linkedin.com,0
https://youtube.com,0
https://wikipedia.org,0
https://apple.com,0
https://google.com,0
https://github.com,0
https://amazon.com,0
https://microsoft.com,0
https://openai.com,0
https://stackoverflow.com,0
https://linkedin.com,0
https://youtube.com,0
https://wikipedia.org,0
https://apple.com,0
https://google.com,0
https://github.com,0
https://amazon.com,0
https://microsoft.com,0
https://openai.com,0
https://stackoverflow.com,0
https://linkedin.com,0
https://youtube.com,0
https://wikipedia.org,0
https://apple.com,0
https://google.com,0
https://github.com,0
https://amazon.com,0
https://microsoft.com,0
https://openai.com,0
https://stackoverflow.com,0
https://linkedin.com,0
https://youtube.com,0
https://wikipedia.org,0
https://apple.com,0
https://google.com,0
https://github.com,0
https://amazon.com,0
https://microsoft.com,0
https://openai.com,0
https://stackoverflow.com,0
https://linkedin.com,0
https://youtube.com,0
https://wikipedia.org,0
https://apple.com,0
https://google.com,0
https://github.com,0
https://amazon.com,0
https://microsoft.com,0
https://openai.com,0
https://stackoverflow.com,0
https://linkedin.com,0
https://youtube.com,0
https://wikipedia.org,0
https://apple.com,0
https://google.com,0
https://github.com,0
https://amazon.com,0
https://microsoft.com,0
https://openai.com,0
https://stackoverflow.com,0
https://linkedin.com,0
https://youtube.com,0
https://wikipedia.org,0
https://apple.com,0
https://google.com,0
https://github.com,0
https://amazon.com,0
https://microsoft.com,0
https://openai.com,0
https://stackoverflow.com,0
https://linkedin.com,0
https://youtube.com,0
https://wikipedia.org,0
https://apple.com,0
https://google.com,0
https://github.com,0
https://amazon.com,0
https://microsoft.com,0
https://openai.com,0
https://stackoverflow.com,0
https://linkedin.com,0
https://youtube.com,0
https://wikipedia.org,0
https://apple.com,0
https://google.com,0
https://github.com,0
https://amazon.com,0
https://microsoft.com,0
https://openai.com,0
https://stackoverflow.com,0
https://linkedin.com,0
https://youtube.com,0
https://wikipedia.org,0
https://apple.com,0
https://google.com,0
https://github.com,0
https://amazon.com,0
https://microsoft.com,0
https://openai.com,0
https://stackoverflow.com,0
https://linkedin.com,0
https://youtube.com,0
https://wikipedia.org,0
https://apple.com,0
https://google.com,0
https://github.com,0
https://amazon.com,0
https://microsoft.com,0
https://openai.com,0
https://stackoverflow.com,0
https://linkedin.com,0
https://youtube.com,0
https://wikipedia.org,0
https://apple.com,0
https://google.com,0
https://github.com,0
https://amazon.com,0
https://microsoft.com,0
https://openai.com,0
https://stackoverflow.com,0
https://linkedin.com,0
https://youtube.com,0
https://wikipedia.org,0
https://apple.com,0
https://google.com,0
https://github.com,0
https://amazon.com,0
https://microsoft.com,0
https://openai.com,0
https://stackoverflow.com,0
https://linkedin.com,0
https://youtube.com,0
https://wikipedia.org,0
https://apple.com,0
https://google.com,0
https://github.com,0
https://amazon.com,0
https://microsoft.com,0
https://openai.com,0
https://stackoverflow.com,0
https://linkedin.com,0
https://youtube.com,0
https://wikipedia.org,0
https://apple.com,0
https://google.com,0
https://github.com,0
https://amazon.com,0
https://microsoft.com,0
https://openai.com,0
https://stackoverflow.com,0
https://linkedin.com,0
https://youtube.com,0
https://wikipedia.org,0
https://apple.com,0
https://google.com,0
https://github.com,0
https://amazon.com,0
https://microsoft.com,0
https://openai.com,0
https://stackoverflow.com,0
https://linkedin.com,0
https://youtube.com,0
https://wikipedia.org,0
https://apple.com,0
https://google.com,0
https://github.com,0
https://amazon.com,0
https://microsoft.com,0
https://openai.com,0
https://stackoverflow.com,0
https://linkedin.com,0
https://youtube.com,0
https://wikipedia.org,0
https://apple.com,0
https://google.com,0
https://github.com,0
https://amazon.com,0
https://microsoft.com,0
https://openai.com,0
https://stackoverflow.com,0
https://linkedin.com,0
https://youtube.com,0
https://wikipedia.org,0
https://apple.com,0
https://google.com,0
https://github.com,0
https://amazon.com,0
https://microsoft.com,0
https://openai.com,0
https://stackoverflow.com,0
https://linkedin.com,0
https://youtube.com,0
https://wikipedia.org,0
https://apple.com,0
https://google.com,0
https://github.com,0
https://amazon.com,0
https://microsoft.com,0
https://openai.com,0
https://stackoverflow.com,0
https://linkedin.com,0
https://youtube.com,0
https://wikipedia.org,0
https://apple.com,0
https://google.com,0
https://github.com,0
https://amazon.com,0
https://microsoft.com,0
https://openai.com,0
https://stackoverflow.com,0
https://linkedin.com,0
https://youtube.com,0
https://wikipedia.org,0
https://apple.com,0
https://google.com,0
https://github.com,0
https://amazon.com,0
https://microsoft.com,0
https://openai.com,0
https://stackoverflow.com,0
https://linkedin.com,0
https://youtube.com,0
https://wikipedia.org,0
https://apple.com,0
https://google.com,0
https://github.com,0
https://amazon.com,0
https://microsoft.com,0
https://openai.com,0
https://stackoverflow.com,0
https://linkedin.com,0
https://youtube.com,0
https://wikipedia.org,0
https://apple.com,0
https://google.com,0
https://github.com,0
https://amazon.com,0
https://microsoft.com,0
https://openai.com,0
https://stackoverflow.com,0
https://linkedin.com,0
https://youtube.com,0
https://wikipedia.org,0
https://apple.com,0
https://google.com,0
https://github.com,0
https://amazon.com,0
https://microsoft.com,0
https://openai.com,0
https://stackoverflow.com,0
https://linkedin.com,0
https://youtube.com,0
https://wikipedia.org,0
https://apple.com,0
https://google.com,0
https://github.com,0
https://amazon.com,0
https://microsoft.com,0
https://openai.com,0
https://stackoverflow.com,0
https://linkedin.com,0
https://youtube.com,0
https://wikipedia.org,0
https://apple.com,0
https://google.com,0
https://github.com,0
https://amazon.com,0
https://microsoft.com,0
https://openai.com,0
https://stackoverflow.com,0
https://linkedin.com,0
https://youtube.com,0
https://wikipedia.org,0
https://apple.com,0
https://google.com,0
https://github.com,0
https://amazon.com,0
https://microsoft.com,0
https://openai.com,0
https://stackoverflow.com,0
https://linkedin.com,0
https://youtube.com,0
https://wikipedia.org,0
https://apple.com,0
https://google.com,0
https://github.com,0
https://amazon.com,0
https://microsoft.com,0
https://openai.com,0
https://stackoverflow.com,0
https://linkedin.com,0
https://youtube.com,0
https://wikipedia.org,0
https://apple.com,0
https://google.com,0
https://github.com,0
https://amazon.com,0
https://microsoft.com,0
https://openai.com,0
https://stackoverflow.com,0
https://linkedin.com,0
https://youtube.com,0
https://wikipedia.org,0
https://apple.com,0
https://google.com,0
https://github.com,0
https://amazon.com,0
https://microsoft.com,0
https://openai.com,0
https://stackoverflow.com,0
https://linkedin.com,0
https://youtube.com,0
https://wikipedia.org,0
https://apple.com,0
https://google.com,0
https://github.com,0
https://amazon.com,0
https://microsoft.com,0
https://openai.com,0
https://stackoverflow.com,0
https://linkedin.com,0
https://youtube.com,0
https://wikipedia.org,0
https://apple.com,0
https://google.com,0
https://github.com,0
https://amazon.com,0
https://microsoft.com,0
https://openai.com,0
https://stackoverflow.com,0
https://linkedin.com,0
https://youtube.com,0
https://wikipedia.org,0
https://apple.com,0
https://google.com,0
https://github.com,0
https://amazon.com,0
https://microsoft.com,0
https://openai.com,0
https://stackoverflow.com,0
https://linkedin.com,0
https://youtube.com,0
https://wikipedia.org,0
https://apple.com,0
https://google.com,0
https://github.com,0
https://amazon.com,0
https://microsoft.com,0
https://openai.com,0
https://stackoverflow.com,0
https://linkedin.com,0
https://youtube.com,0
https://wikipedia.org,0
https://apple.com,0
https://google.com,0
https://github.com,0
https://amazon.com,0
https://microsoft.com,0
https://openai.com,0
https://stackoverflow.com,0
https://linkedin.com,0
https://youtube.com,0
https://wikipedia.org,0
https://apple.com,0
https://google.com,0
https://github.com,0
https://amazon.com,0
https://microsoft.com,0
https://openai.com,0
https://stackoverflow.com,0
https://linkedin.com,0
https://youtube.com,0
https://wikipedia.org,0
https://apple.com,0
https://google.com,0
https://github.com,0
https://amazon.com,0
https://microsoft.com,0
https://openai.com,0
https://stackoverflow.com,0
https://linkedin.com,0
https://youtube.com,0
https://wikipedia.org,0
https://apple.com,0
https://google.com,0
https://github.com,0
https://amazon.com,0
https://microsoft.com,0
https://openai.com,0
https://stackoverflow.com,0
https://linkedin.com,0
https://youtube.com,0
https://wikipedia.org,0
https://apple.com,0
https://google.com,0
https://github.com,0
https://amazon.com,0
https://microsoft.com,0
https://openai.com,0
https://stackoverflow.com,0
https://linkedin.com,0
https://youtube.com,0
https://wikipedia.org,0
https://apple.com,0
https://google.com,0
https://github.com,0
https://amazon.com,0
https://microsoft.com,0
https://openai.com,0
https://stackoverflow.com,0
https://linkedin.com,0
https://youtube.com,0
https://wikipedia.org,0
https://apple.com,0
https://google.com,0
https://github.com,0
https://amazon.com,0
https://microsoft.com,0
https://openai.com,0
https://stackoverflow.com,0
https://linkedin.com,0
https://youtube.com,0
https://wikipedia.org,0
https://apple.com,0
https://google.com,0
https://github.com,0
https://amazon.com,0
https://microsoft.com,0
https://openai.com,0
https://stackoverflow.com,0
https://linkedin.com,0
https://youtube.com,0
https://wikipedia.org,0
https://apple.com,0
https://google.com,0
https://github.com,0
https://amazon.com,0
https://microsoft.com,0
https://openai.com,0
https://stackoverflow.com,0
https://linkedin.com,0
https://youtube.com,0
https://wikipedia.org,0
https://apple.com,0
https://google.com,0
https://github.com,0
https://amazon.com,0
https://microsoft.com,0
https://openai.com,0
https://stackoverflow.com,0
https://linkedin.com,0
https://youtube.com,0
https://wikipedia.org,0
https://apple.com,0
https://google.com,0
https://github.com,0
https://amazon.com,0
https://microsoft.com,0
https://openai.com,0
https://stackoverflow.com,0
https://linkedin.com,0
https://youtube.com,0
https://wikipedia.org,0
https://apple.com,0
https://google.com,0
https://github.com,0
https://amazon.com,0
https://microsoft.com,0
https://openai.com,0
https://stackoverflow.com,0
https://linkedin.com,0
https://youtube.com,0
https://wikipedia.org,0
https://apple.com,0
https://google.com,0
https://github.com,0
https://amazon.com,0
https://microsoft.com,0
https://openai.com,0
https://stackoverflow.com,0
https://linkedin.com,0
https://youtube.com,0
https://wikipedia.org,0
https://apple.com,0
https://google.com,0
https://github.com,0
https://amazon.com,0
https://microsoft.com,0
https://openai.com,0
https://stackoverflow.com,0
https://linkedin.com,0
https://youtube.com,0
https://wikipedia.org,0
https://apple.com,0
https://google.com,0
https://github.com,0
https://amazon.com,0
https://microsoft.com,0
https://openai.com,0
https://stackoverflow.com,0
https://linkedin.com,0
https://youtube.com,0
https://wikipedia.org,0
https://apple.com,0
https://google.com,0
https://github.com,0
https://amazon.com,0
https://microsoft.com,0
https://openai.com,0
https://stackoverflow.com,0
https://linkedin.com,0
https://youtube.com,0
https://wikipedia.org,0
https://apple.com,0
https://google.com,0
https://github.com,0
https://amazon.com,0
https://microsoft.com,0
https://openai.com,0
https://stackoverflow.com,0
https://linkedin.com,0
https://youtube.com,0
https://wikipedia.org,0
https://apple.com,0
https://google.com,0
https://github.com,0
https://amazon.com,0
https://microsoft.com,0
https://openai.com,0
https://stackoverflow.com,0
https://linkedin.com,0
https://youtube.com,0
https://wikipedia.org,0
https://apple.com,0
https://google.com,0
https://github.com,0
https://amazon.com,0
https://microsoft.com,0
https://openai.com,0
https://stackoverflow.com,0
https://linkedin.com,0
https://youtube.com,0
https://wikipedia.org,0
https://apple.com,0
https://google.com,0
https://github.com,0
https://amazon.com,0
https://microsoft.com,0
https://openai.com,0
https://stackoverflow.com,0
https://linkedin.com,0
https://youtube.com,0
https://wikipedia.org,0
https://apple.com,0
https://google.com,0
https://github.com,0
https://amazon.com,0
https://microsoft.com,0
https://openai.com,0
https://stackoverflow.com,0
https://linkedin.com,0
https://youtube.com,0
https://wikipedia.org,0
https://apple.com,0
https://google.com,0
https://github.com,0
https://amazon.com,0
https://microsoft.com,0
https://openai.com,0
https://stackoverflow.com,0
https://linkedin.com,0
https://youtube.com,0
https://wikipedia.org,0
https://apple.com,0
https://google.com,0
https://github.com,0
https://amazon.com,0
https://microsoft.com,0
https://openai.com,0
https://stackoverflow.com,0
https://linkedin.com,0
https://youtube.com,0
https://wikipedia.org,0
https://apple.com,0
https://google.com,0
https://github.com,0
https://amazon.com,0
https://microsoft.com,0
https://openai.com,0
https://stackoverflow.com,0
https://linkedin.com,0
https://youtube.com,0
https://wikipedia.org,0
https://apple.com,0
https://google.com,0
https://github.com,0
https://amazon.com,0
https://microsoft.com,0
https://openai.com,0
https://stackoverflow.com,0
https://linkedin.com,0
https://youtube.com,0
https://wikipedia.org,0
https://apple.com,0
https://google.com,0
https://github.com,0
https://amazon.com,0
https://microsoft.com,0
https://openai.com,0
https://stackoverflow.com,0
https://linkedin.com,0
https://youtube.com,0
https://wikipedia.org,0
https://apple.com,0
https://google.com,0
https://github.com,0
https://amazon.com,0
https://microsoft.com,0
https://openai.com,0
https://stackoverflow.com,0
https://linkedin.com,0
https://youtube.com,0
https://wikipedia.org,0
https://apple.com,0
https://google.com,0
https://github.com,0
https://amazon.com,0
https://microsoft.com,0
https://openai.com,0
https://stackoverflow.com,0
https://linkedin.com,0
https://youtube.com,0
https://wikipedia.org,0
https://apple.com,0
https://google.com,0
https://github.com,0
https://amazon.com,0
https://microsoft.com,0
https://openai.com,0
https://stackoverflow.com,0
https://linkedin.com,0
https://youtube.com,0
https://wikipedia.org,0
https://apple.com,0
https://google.com,0
https://github.com,0
https://amazon.com,0
https://microsoft.com,0
https://openai.com,0
https://stackoverflow.com,0
https://linkedin.com,0
https://youtube.com,0
https://wikipedia.org,0
https://apple.com,0
https://google.com,0
https://github.com,0
https://amazon.com,0
https://microsoft.com,0
https://openai.com,0
https://stackoverflow.com,0
https://linkedin.com,0
https://youtube.com,0
https://wikipedia.org,0
https://apple.com,0
https://google.com,0
https://github.com,0
https://amazon.com,0
https://microsoft.com,0
https://openai.com,0
https://stackoverflow.com,0
https://linkedin.com,0
https://youtube.com,0
https://wikipedia.org,0
https://apple.com,0
https://google.com,0
https://github.com,0
https://amazon.com,0
https://microsoft.com,0
https://openai.com,0
https://stackoverflow.com,0
https://linkedin.com,0
https://youtube.com,0
https://wikipedia.org,0
https://apple.com,0
https://google.com,0
https://github.com,0
https://amazon.com,0
https://microsoft.com,0
https://openai.com,0
https://stackoverflow.com,0
https://linkedin.com,0
https://youtube.com,0
https://wikipedia.org,0
https://apple.com,0
https://google.com,0
https://github.com,0
https://amazon.com,0
https://microsoft.com,0
https://openai.com,0
https://stackoverflow.com,0
https://linkedin.com,0
https://youtube.com,0
https://wikipedia.org,0
https://apple.com,0
https://google.com,0
https://github.com,0
https://amazon.com,0
https://microsoft.com,0
https://openai.com,0
https://stackoverflow.com,0
https://linkedin.com,0
https://youtube.com,0
https://wikipedia.org,0
https://apple.com,0
https://google.com,0
https://github.com,0
https://amazon.com,0
https://microsoft.com,0
https://openai.com,0
https://stackoverflow.com,0
https://linkedin.com,0
https://youtube.com,0
https://wikipedia.org,0
https://apple.com,0
https://google.com,0
https://github.com,0
https://amazon.com,0
https://microsoft.com,0
https://openai.com,0
https://stackoverflow.com,0
https://linkedin.com,0
https://youtube.com,0
https://wikipedia.org,0
https://apple.com,0
https://google.com,0
https://github.com,0
https://amazon.com,0
https://microsoft.com,0
https://openai.com,0
https://stackoverflow.com,0
https://linkedin.com,0
https://youtube.com,0
https://wikipedia.org,0
https://apple.com,0
https://google.com,0
https://github.com,0
https://amazon.com,0
https://microsoft.com,0
https://openai.com,0
https://stackoverflow.com,0
https://linkedin.com,0
https://youtube.com,0
https://wikipedia.org,0
https://apple.com,0
https://google.com,0
https://github.com,0
https://amazon.com,0
https://microsoft.com,0
https://openai.com,0
https://stackoverflow.com,0
https://linkedin.com,0
https://youtube.com,0
https://wikipedia.org,0
https://apple.com,0
https://google.com,0
https://github.com,0
https://amazon.com,0
https://microsoft.com,0
https://openai.com,0
https://stackoverflow.com,0
https://linkedin.com,0
https://youtube.com,0
https://wikipedia.org,0
https://apple.com,0
https://google.com,0
https://github.com,0
https://amazon.com,0
https://microsoft.com,0
https://openai.com,0
https://stackoverflow.com,0
https://linkedin.com,0
https://youtube.com,0
https://wikipedia.org,0
https://apple.com,0
https://google.com,0
https://github.com,0
https://amazon.com,0
https://microsoft.com,0
https://openai.com,0
https://stackoverflow.com,0
https://linkedin.com,0
https://youtube.com,0
https://wikipedia.org,0
https://apple.com,0
https://google.com,0
https://github.com,0
https://amazon.com,0
https://microsoft.com,0
https://openai.com,0
https://stackoverflow.com,0
https://linkedin.com,0
https://youtube.com,0
https://wikipedia.org,0
https://apple.com,0
https://google.com,0
https://github.com,0
https://amazon.com,0
https://microsoft.com,0
https://openai.com,0
https://stackoverflow.com,0
https://linkedin.com,0
https://youtube.com,0
https://wikipedia.org,0
https://apple.com,0
https://google.com,0
https://github.com,0
https://amazon.com,0
https://microsoft.com,0
https://openai.com,0
https://stackoverflow.com,0
https://linkedin.com,0
https://youtube.com,0
https://wikipedia.org,0
https://apple.com,0
https://google.com,0
https://github.com,0
https://amazon.com,0
https://microsoft.com,0
https://openai.com,0
https://stackoverflow.com,0
https://linkedin.com,0
https://youtube.com,0
https://wikipedia.org,0
https://apple.com,0
https://google.com,0
https://github.com,0
https://amazon.com,0
https://microsoft.com,0
https://openai.com,0
https://stackoverflow.com,0
https://linkedin.com,0
https://youtube.com,0
https://wikipedia.org,0
https://apple.com,0
https://google.com,0
https://github.com,0
https://amazon.com,0
https://microsoft.com,0
https://openai.com,0
https://stackoverflow.com,0
https://linkedin.com,0
https://youtube.com,0
https://wikipedia.org,0
https://apple.com,0
https://google.com,0
https://github.com,0
https://amazon.com,0
https://microsoft.com,0
https://openai.com,0
https://stackoverflow.com,0
https://linkedin.com,0
https://youtube.com,0
https://wikipedia.org,0
https://apple.com,0
https://google.com,0
https://github.com,0
https://amazon.com,0
https://microsoft.com,0
https://openai.com,0
https://stackoverflow.com,0
https://linkedin.com,0
https://youtube.com,0
https://wikipedia.org,0
https://apple.com,0
https://google.com,0
https://github.com,0
https://amazon.com,0
https://microsoft.com,0
https://openai.com,0
https://stackoverflow.com,0
https://linkedin.com,0
https://youtube.com,0
https://wikipedia.org,0
https://apple.com,0
https://google.com,0
https://github.com,0
https://amazon.com,0
https://microsoft.com,0
https://openai.com,0
https://stackoverflow.com,0
https://linkedin.com,0
https://youtube.com,0
https://wikipedia.org,0
https://apple.com,0
https://google.com,0
https://github.com,0
https://amazon.com,0
https://microsoft.com,0
https://openai.com,0
https://stackoverflow.com,0
https://linkedin.com,0
https://youtube.com,0
https://wikipedia.org,0
https://apple.com,0
https://google.com,0
https://github.com,0
https://amazon.com,0
https://microsoft.com,0
https://openai.com,0
https://stackoverflow.com,0
https://linkedin.com,0
https://youtube.com,0
https://wikipedia.org,0
https://apple.com,0
https://google.com,0
https://github.com,0
https://amazon.com,0
https://microsoft.com,0
https://openai.com,0
https://stackoverflow.com,0
https://linkedin.com,0
https://youtube.com,0
https://wikipedia.org,0
https://apple.com,0
https://google.com,0
https://github.com,0
https://amazon.com,0
https://microsoft.com,0
https://openai.com,0
https://stackoverflow.com,0
https://linkedin.com,0
https://youtube.com,0
https://wikipedia.org,0
https://apple.com,0
https://google.com,0
https://github.com,0
https://amazon.com,0
https://microsoft.com,0
https://openai.com,0
https://stackoverflow.com,0
https://linkedin.com,0
https://youtube.com,0
https://wikipedia.org,0
https://apple.com,0
https://google.com,0
https://github.com,0
https://amazon.com,0
https://microsoft.com,0
https://openai.com,0
https://stackoverflow.com,0
https://linkedin.com,0
https://youtube.com,0
https://wikipedia.org,0
https://apple.com,0
https://google.com,0
https://github.com,0
https://amazon.com,0
https://microsoft.com,0
https://openai.com,0
https://stackoverflow.com,0
https://linkedin.com,0
https://youtube.com,0
https://wikipedia.org,0
https://apple.com,0
https://google.com,0
https://github.com,0
https://amazon.com,0
https://microsoft.com,0
https://openai.com,0
https://stackoverflow.com,0
https://linkedin.com,0
https://youtube.com,0
https://wikipedia.org,0
https://apple.com,0
